{"./save/logs/loss/train": [[1585569180.9750512, 30000, 0.15068830139469355]], "./save/logs/loss/valid": [[1585569180.9750512, 30000, 1.4452984619688551]], "./save/logs/csi/0.5/train": [[1585569180.9757888, 30000, 0.4429994667220726]], "./save/logs/csi/0.5/valid": [[1585569180.9757888, 30000, 0.44792914375801]], "./save/logs/csi/0.5/train_last_frame": [[1585569180.9757888, 30000, 0.38737714011914237]], "./save/logs/csi/0.5/valid_last_frame": [[1585569180.9757888, 30000, 0.3948761200189741]], "./save/logs/csi/2.0/train": [[1585569180.9760363, 30000, 0.3808330623226662]], "./save/logs/csi/2.0/valid": [[1585569180.9760363, 30000, 0.38535421262554376]], "./save/logs/csi/2.0/train_last_frame": [[1585569180.9760363, 30000, 0.3161542473199105]], "./save/logs/csi/2.0/valid_last_frame": [[1585569180.9760363, 30000, 0.3240371893079496]], "./save/logs/csi/5.0/train": [[1585569180.9762475, 30000, 0.29009278799035065]], "./save/logs/csi/5.0/valid": [[1585569180.9762475, 30000, 0.2993830440124233]], "./save/logs/csi/5.0/train_last_frame": [[1585569180.9762475, 30000, 0.22866090342590267]], "./save/logs/csi/5.0/valid_last_frame": [[1585569180.9762475, 30000, 0.23986093383915114]], "./save/logs/csi/10.0/train": [[1585569180.9764535, 30000, 0.20714205925403614]], "./save/logs/csi/10.0/valid": [[1585569180.9764535, 30000, 0.21380564709550964]], "./save/logs/csi/10.0/train_last_frame": [[1585569180.9764535, 30000, 0.15829755121514077]], "./save/logs/csi/10.0/valid_last_frame": [[1585569180.9764535, 30000, 0.16609596978932517]], "./save/logs/csi/30.0/train": [[1585569180.9766562, 30000, 0.06446499006736807]], "./save/logs/csi/30.0/valid": [[1585569180.9766562, 30000, 0.0649745596313072]], "./save/logs/csi/30.0/train_last_frame": [[1585569180.9766562, 30000, 0.038269236070553256]], "./save/logs/csi/30.0/valid_last_frame": [[1585569180.9766562, 30000, 0.032923326532211875]], "./save/logs/hss/0.5/train": [[1585569180.976864, 30000, 0.5689070098595024]], "./save/logs/hss/0.5/valid": [[1585569180.976864, 30000, 0.576046811535367]], "./save/logs/hss/0.5/train_last_frame": [[1585569180.976864, 30000, 0.5067324695281956]], "./save/logs/hss/0.5/valid_last_frame": [[1585569180.976864, 30000, 0.5175993562428506]], "./save/logs/hss/2.0/train": [[1585569180.9770799, 30000, 0.5206111184998683]], "./save/logs/hss/2.0/valid": [[1585569180.9770799, 30000, 0.5274273539033147]], "./save/logs/hss/2.0/train_last_frame": [[1585569180.9770799, 30000, 0.44548274086900436]], "./save/logs/hss/2.0/valid_last_frame": [[1585569180.9770799, 30000, 0.45702669529533607]], "./save/logs/hss/5.0/train": [[1585569180.977288, 30000, 0.4276640327240548]], "./save/logs/hss/5.0/valid": [[1585569180.977288, 30000, 0.4408330583931116]], "./save/logs/hss/5.0/train_last_frame": [[1585569180.977288, 30000, 0.34844440313888303]], "./save/logs/hss/5.0/valid_last_frame": [[1585569180.977288, 30000, 0.365350691499109]], "./save/logs/hss/10.0/train": [[1585569180.9774883, 30000, 0.3293544567871836]], "./save/logs/hss/10.0/valid": [[1585569180.9774883, 30000, 0.33980325353798635]], "./save/logs/hss/10.0/train_last_frame": [[1585569180.9774883, 30000, 0.2589447510246141]], "./save/logs/hss/10.0/valid_last_frame": [[1585569180.9774883, 30000, 0.2718868984635311]], "./save/logs/hss/30.0/train": [[1585569180.9777255, 30000, 0.11739486682985892]], "./save/logs/hss/30.0/valid": [[1585569180.9777255, 30000, 0.11837927213331885]], "./save/logs/hss/30.0/train_last_frame": [[1585569180.9777255, 30000, 0.07119771857314146]], "./save/logs/hss/30.0/valid_last_frame": [[1585569180.9777255, 30000, 0.06136811296194317]], "./save/logs/mse/train": [[1585569180.977947, 30000, 3229.012451171875]], "./save/logs/mse/valid": [[1585569180.977947, 30000, 3014.13330078125]], "./save/logs/mse/train_last_frame": [[1585569180.977947, 30000, 3960.0986328125]], "./save/logs/mse/valid_last_frame": [[1585569180.977947, 30000, 3696.893310546875]], "./save/logs/mae/train": [[1585569180.9781654, 30000, 10166.3876953125]], "./save/logs/mae/valid": [[1585569180.9781654, 30000, 9696.869140625]], "./save/logs/mae/train_last_frame": [[1585569180.9781654, 30000, 11476.4736328125]], "./save/logs/mae/valid_last_frame": [[1585569180.9781654, 30000, 10937.1484375]], "./save/logs/balanced_mse/train": [[1585569180.97837, 30000, 8251.7294921875]], "./save/logs/balanced_mse/valid": [[1585569180.97837, 30000, 7982.74072265625]], "./save/logs/balanced_mse/train_last_frame": [[1585569180.97837, 30000, 10592.205078125]], "./save/logs/balanced_mse/valid_last_frame": [[1585569180.97837, 30000, 10068.033203125]], "./save/logs/balanced_mae/train": [[1585569180.978576, 30000, 21589.771484375]], "./save/logs/balanced_mae/valid": [[1585569180.978576, 30000, 20630.8125]], "./save/logs/balanced_mae/train_last_frame": [[1585569180.978576, 30000, 25169.482421875]], "./save/logs/balanced_mae/valid_last_frame": [[1585569180.978576, 30000, 23804.578125]]}